{"cameraMode":{"drawMode":0,"name":"Shaded","section":"Shading Mode"},"sceneLighting":false,"audioPlay":false,"sceneViewState":{"showFog":false,"showMaterialUpdate":false,"showSkybox":false,"showFlares":false,"showImageEffects":false,"showParticleSystems":false},"in2DMode":false,"pivot":{"x":-3.354334831237793,"y":-0.36226892471313479,"z":-3.1423380374908449},"rotation":{"x":0.6267971992492676,"y":0.08137024194002152,"z":-0.0660567507147789,"w":0.7721022963523865},"size":6.397539138793945,"orthographic":true}