{"cameraMode":{"drawMode":0,"name":"Shaded","section":"Shading Mode"},"sceneLighting":false,"audioPlay":false,"sceneViewState":{"showFog":true,"showMaterialUpdate":true,"showSkybox":false,"showFlares":true,"showImageEffects":true,"showParticleSystems":true},"in2DMode":false,"pivot":{"x":-2.249983787536621,"y":1.4210000038146973,"z":0.39856821298599245},"rotation":{"x":0.12797431647777558,"y":0.45825591683387759,"z":-0.06686902791261673,"w":0.8770133852958679},"size":3.5429062843322756,"orthographic":true}