{"cameraMode":{"drawMode":0,"name":"Shaded","section":"Shading Mode"},"sceneLighting":false,"audioPlay":false,"sceneViewState":{"showFog":false,"showMaterialUpdate":false,"showSkybox":false,"showFlares":false,"showImageEffects":false,"showParticleSystems":false},"in2DMode":false,"pivot":{"x":-1.9685955047607422,"y":0.9921875,"z":-0.22543106973171235},"rotation":{"x":0.24164025485515595,"y":-0.27763280272483828,"z":0.07237178832292557,"w":0.9269804358482361},"size":4.323305606842041,"orthographic":true}