{"cameraMode":{"drawMode":0,"name":"Shaded","section":"Shading Mode"},"sceneLighting":false,"audioPlay":false,"sceneViewState":{"showFog":true,"showMaterialUpdate":true,"showSkybox":false,"showFlares":true,"showImageEffects":true,"showParticleSystems":true},"in2DMode":false,"pivot":{"x":-2.3761513233184816,"y":-0.5786042213439941,"z":0.37109375},"rotation":{"x":0.370734840631485,"y":0.40222951769828799,"z":-0.18252725899219514,"w":0.8169769048690796},"size":6.132910251617432,"orthographic":true}