{"cameraMode":{"drawMode":0,"name":"Shaded","section":"Shading Mode"},"sceneLighting":false,"audioPlay":false,"sceneViewState":{"showFog":false,"showMaterialUpdate":false,"showSkybox":false,"showFlares":false,"showImageEffects":false,"showParticleSystems":false},"in2DMode":false,"pivot":{"x":-1.441009521484375,"y":-0.033935546875,"z":-2.712646484375},"rotation":{"x":0.38486018776893618,"y":-0.09938368946313858,"z":0.0417320616543293,"w":0.9166640043258667},"size":2.3580410480499269,"orthographic":true}