{"cameraMode":{"drawMode":0,"name":"Shaded","section":"Shading Mode"},"sceneLighting":false,"audioPlay":false,"sceneViewState":{"showFog":false,"showMaterialUpdate":false,"showSkybox":false,"showFlares":false,"showImageEffects":false,"showParticleSystems":false},"in2DMode":false,"pivot":{"x":-0.1598888337612152,"y":-0.17578125,"z":-1.4237945079803467},"rotation":{"x":0.13468602299690247,"y":0.526500403881073,"z":-0.08491144329309464,"w":0.8351346254348755},"size":4.623104572296143,"orthographic":true}