{"cameraMode":{"drawMode":0,"name":"Shaded","section":"Shading Mode"},"sceneLighting":false,"audioPlay":false,"sceneViewState":{"showFog":false,"showMaterialUpdate":false,"showSkybox":false,"showFlares":false,"showImageEffects":false,"showParticleSystems":false},"in2DMode":false,"pivot":{"x":-0.15527784824371339,"y":0.18705511093139649,"z":-1.0391535758972169},"rotation":{"x":0.1484261453151703,"y":0.2074936181306839,"z":-0.03186878561973572,"w":0.9663853049278259},"size":6.249753952026367,"orthographic":true}