{"cameraMode":{"drawMode":0,"name":"Shaded","section":"Shading Mode"},"sceneLighting":false,"audioPlay":false,"sceneViewState":{"showFog":false,"showMaterialUpdate":false,"showSkybox":false,"showFlares":false,"showImageEffects":false,"showParticleSystems":false},"in2DMode":false,"pivot":{"x":-1.1426585912704468,"y":0.2725534737110138,"z":-2.4880287647247316},"rotation":{"x":0.5155889391899109,"y":0.4487411677837372,"z":-0.36652934551239016,"w":0.6312354207038879},"size":4.823530673980713,"orthographic":true}