{"cameraMode":{"drawMode":0,"name":"Shaded","section":"Shading Mode"},"sceneLighting":false,"audioPlay":false,"sceneViewState":{"showFog":true,"showMaterialUpdate":true,"showSkybox":false,"showFlares":true,"showImageEffects":true,"showParticleSystems":true},"in2DMode":false,"pivot":{"x":1.6723501682281495,"y":2.432608127593994,"z":4.409999847412109},"rotation":{"x":0.3948828876018524,"y":-0.04682372510433197,"z":0.020156504586338998,"w":0.9173159003257752},"size":17.978172302246095,"orthographic":true}