{"cameraMode":{"drawMode":0,"name":"Shaded","section":"Shading Mode"},"sceneLighting":false,"audioPlay":false,"sceneViewState":{"showFog":true,"showMaterialUpdate":false,"showSkybox":false,"showFlares":true,"showImageEffects":true,"showParticleSystems":true},"in2DMode":false,"pivot":{"x":0.000001430511474609375,"y":-2.3593759536743166,"z":0.8699893951416016},"rotation":{"x":0.24592150747776032,"y":0.4769256114959717,"z":-0.14096887409687043,"w":0.8319926857948303},"size":22.828330993652345,"orthographic":true}