{"cameraMode":{"drawMode":0,"name":"Shaded","section":"Shading Mode"},"sceneLighting":false,"audioPlay":false,"sceneViewState":{"showFog":false,"showMaterialUpdate":false,"showSkybox":false,"showFlares":false,"showImageEffects":false,"showParticleSystems":false},"in2DMode":false,"pivot":{"x":0.7456196546554565,"y":0.359375,"z":1.9750458002090455},"rotation":{"x":0.5675479173660278,"y":-0.06945407390594483,"z":0.048130374401807788,"w":0.8189942836761475},"size":7.516803741455078,"orthographic":true}