{"cameraMode":{"drawMode":0,"name":"Shaded","section":"Shading Mode"},"sceneLighting":false,"audioPlay":false,"sceneViewState":{"showFog":false,"showMaterialUpdate":false,"showSkybox":false,"showFlares":false,"showImageEffects":false,"showParticleSystems":false},"in2DMode":false,"pivot":{"x":-1.441009521484375,"y":-0.033935546875,"z":-2.712646484375},"rotation":{"x":0.04645787924528122,"y":-0.03295762464404106,"z":0.0015387542080134154,"w":0.9983798861503601},"size":2.3580410480499269,"orthographic":true}