{"cameraMode":{"drawMode":0,"name":"Shaded","section":"Shading Mode"},"sceneLighting":true,"audioPlay":false,"sceneViewState":{"showFog":true,"showMaterialUpdate":true,"showSkybox":true,"showFlares":true,"showImageEffects":true,"showParticleSystems":true},"in2DMode":false,"pivot":{"x":-1.2344551086425782,"y":0.8391013145446777,"z":9.420793533325196},"rotation":{"x":-0.2907657027244568,"y":0.2790619432926178,"z":-0.08908379822969437,"w":-0.9108476638793945},"size":70.42994689941406,"orthographic":true}