{"cameraMode":{"drawMode":0,"name":"Shaded","section":"Shading Mode"},"sceneLighting":false,"audioPlay":false,"sceneViewState":{"showFog":true,"showMaterialUpdate":false,"showSkybox":false,"showFlares":true,"showImageEffects":true,"showParticleSystems":true},"in2DMode":false,"pivot":{"x":0.5099999904632568,"y":0.9500000476837158,"z":-0.06999999284744263},"rotation":{"x":0.46082279086112978,"y":-0.1530046910047531,"z":0.0810026004910469,"w":0.8704473376274109},"size":22.0,"orthographic":true}