{"cameraMode":{"drawMode":0,"name":"Shaded","section":"Shading Mode"},"sceneLighting":false,"audioPlay":false,"sceneViewState":{"showFog":true,"showMaterialUpdate":true,"showSkybox":false,"showFlares":true,"showImageEffects":true,"showParticleSystems":true},"in2DMode":false,"pivot":{"x":-0.5405368804931641,"y":-0.8544719219207764,"z":1.42014741897583},"rotation":{"x":0.2404305785894394,"y":0.4230029284954071,"z":-0.11747846752405167,"w":0.8657141327857971},"size":65.54923248291016,"orthographic":true}