{"cameraMode":{"drawMode":0,"name":"Shaded","section":"Shading Mode"},"sceneLighting":false,"audioPlay":false,"sceneViewState":{"showFog":false,"showMaterialUpdate":false,"showSkybox":false,"showFlares":false,"showImageEffects":false,"showParticleSystems":false},"in2DMode":false,"pivot":{"x":0.008375763893127442,"y":0.18705511093139649,"z":-0.8491371870040894},"rotation":{"x":0.1802685409784317,"y":0.41564127802848818,"z":-0.08442691713571549,"w":0.8874783515930176},"size":6.3975396156311039,"orthographic":true}