{"cameraMode":{"drawMode":0,"name":"Shaded","section":"Shading Mode"},"sceneLighting":false,"audioPlay":false,"sceneViewState":{"showFog":false,"showMaterialUpdate":false,"showSkybox":false,"showFlares":false,"showImageEffects":false,"showParticleSystems":false},"in2DMode":false,"pivot":{"x":-2.384185791015625e-7,"y":-0.38083767890930178,"z":6.349999904632568},"rotation":{"x":0.7134292125701904,"y":-0.004204023163765669,"z":0.004280426539480686,"w":0.7007017135620117},"size":7.142755031585693,"orthographic":true}