{"cameraMode":{"drawMode":0,"name":"Shaded","section":"Shading Mode"},"sceneLighting":false,"audioPlay":false,"sceneViewState":{"showFog":true,"showMaterialUpdate":true,"showSkybox":false,"showFlares":true,"showImageEffects":true,"showParticleSystems":true},"in2DMode":false,"pivot":{"x":-0.08863449096679688,"y":0.113372802734375,"z":7.435004234313965},"rotation":{"x":0.2404305785894394,"y":0.4230029284954071,"z":-0.11747846752405167,"w":0.8657141327857971},"size":94.69107818603516,"orthographic":true}