{"cameraMode":{"drawMode":0,"name":"Shaded","section":"Shading Mode"},"sceneLighting":false,"audioPlay":false,"sceneViewState":{"showFog":true,"showMaterialUpdate":true,"showSkybox":false,"showFlares":true,"showImageEffects":true,"showParticleSystems":true},"in2DMode":false,"pivot":{"x":-1.044960618019104,"y":1.1080803871154786,"z":1.0874402523040772},"rotation":{"x":0.6964086294174194,"y":0.004305480048060417,"z":-0.004178260453045368,"w":0.7176206111907959},"size":4.489530086517334,"orthographic":true}