{"cameraMode":{"drawMode":0,"name":"Shaded","section":"Shading Mode"},"sceneLighting":false,"audioPlay":false,"sceneViewState":{"showFog":true,"showMaterialUpdate":false,"showSkybox":false,"showFlares":true,"showImageEffects":true,"showParticleSystems":true},"in2DMode":false,"pivot":{"x":-0.48785197734832766,"y":0.9500000476837158,"z":2.0299997329711916},"rotation":{"x":0.6279358863830566,"y":0.13114392757415772,"z":-0.10843610018491745,"w":0.7594342827796936},"size":3.8919267654418947,"orthographic":true}