{"cameraMode":{"drawMode":0,"name":"Shaded","section":"Shading Mode"},"sceneLighting":false,"audioPlay":false,"sceneViewState":{"showFog":true,"showMaterialUpdate":true,"showSkybox":false,"showFlares":true,"showImageEffects":true,"showParticleSystems":true},"in2DMode":false,"pivot":{"x":0.019999980926513673,"y":0.014111995697021485,"z":-3.109999656677246},"rotation":{"x":0.3927789032459259,"y":-0.4272720217704773,"z":0.21355712413787843,"w":0.7858476638793945},"size":7.925748825073242,"orthographic":true}