{"cameraMode":{"drawMode":2,"name":"Shaded Wireframe","section":"Shading Mode"},"sceneLighting":false,"audioPlay":false,"sceneViewState":{"showFog":true,"showMaterialUpdate":true,"showSkybox":false,"showFlares":true,"showImageEffects":true,"showParticleSystems":true},"in2DMode":false,"pivot":{"x":-62.556175231933597,"y":746.1671752929688,"z":-1034.579833984375},"rotation":{"x":0.10688270628452301,"y":0.6685489416122437,"z":-0.09796618670225144,"w":0.7293978333473206},"size":4.902530670166016,"orthographic":true}