{"cameraMode":{"drawMode":0,"name":"Shaded","section":"Shading Mode"},"sceneLighting":false,"audioPlay":false,"sceneViewState":{"showFog":false,"showMaterialUpdate":false,"showSkybox":false,"showFlares":false,"showImageEffects":false,"showParticleSystems":false},"in2DMode":false,"pivot":{"x":-2.224609375,"y":0.45735496282577517,"z":0.815962016582489},"rotation":{"x":0.0074599445797502998,"y":0.6570943593978882,"z":-0.006505235098302364,"w":0.7537447214126587},"size":1.8478033542633057,"orthographic":true}