{"cameraMode":{"drawMode":0,"name":"Shaded","section":"Shading Mode"},"sceneLighting":false,"audioPlay":false,"sceneViewState":{"showFog":false,"showMaterialUpdate":false,"showSkybox":false,"showFlares":false,"showImageEffects":false,"showParticleSystems":false},"in2DMode":false,"pivot":{"x":0.0634765625,"y":-1.0497348308563233,"z":0.21923251450061799},"rotation":{"x":0.2385670691728592,"y":0.511655330657959,"z":-0.15040160715579987,"w":0.8115876317024231},"size":4.914405822753906,"orthographic":true}