{"cameraMode":{"drawMode":0,"name":"Shaded","section":"Shading Mode"},"sceneLighting":false,"audioPlay":false,"sceneViewState":{"showFog":true,"showMaterialUpdate":true,"showSkybox":false,"showFlares":true,"showImageEffects":true,"showParticleSystems":true},"in2DMode":false,"pivot":{"x":-0.18901538848876954,"y":-1.8372828960418702,"z":9.956461906433106},"rotation":{"x":-0.2907657027244568,"y":0.2790619432926178,"z":-0.08908379822969437,"w":-0.9108476638793945},"size":104.92060089111328,"orthographic":true}