{"cameraMode":{"drawMode":0,"name":"Shaded","section":"Shading Mode"},"sceneLighting":false,"audioPlay":false,"sceneViewState":{"showFog":false,"showMaterialUpdate":false,"showSkybox":false,"showFlares":false,"showImageEffects":false,"showParticleSystems":false},"in2DMode":false,"pivot":{"x":-1.5769819021224976,"y":0.40000027418136599,"z":-2.7276599407196047},"rotation":{"x":-0.23755286633968354,"y":-0.5615963935852051,"z":0.172396719455719,"w":-0.7736155390739441},"size":2.8437254428863527,"orthographic":true}