{"cameraMode":{"drawMode":0,"name":"Shaded","section":"Shading Mode"},"sceneLighting":false,"audioPlay":false,"sceneViewState":{"showFog":false,"showMaterialUpdate":false,"showSkybox":false,"showFlares":false,"showImageEffects":false,"showParticleSystems":false},"in2DMode":false,"pivot":{"x":-2.1769819259643556,"y":0.40000003576278689,"z":-0.3066600561141968},"rotation":{"x":0.3385445177555084,"y":0.5004310607910156,"z":-0.2213202267885208,"w":0.7654891610145569},"size":4.718576431274414,"orthographic":true}