{"cameraMode":{"drawMode":0,"name":"Shaded","section":"Shading Mode"},"sceneLighting":false,"audioPlay":false,"sceneViewState":{"showFog":true,"showMaterialUpdate":true,"showSkybox":false,"showFlares":true,"showImageEffects":true,"showParticleSystems":true},"in2DMode":false,"pivot":{"x":-1.7269818782806397,"y":0.4599999785423279,"z":-0.7276602387428284},"rotation":{"x":0.33233797550201418,"y":-0.07487274706363678,"z":0.026476649567484857,"w":0.9398104548454285},"size":2.910071611404419,"orthographic":true}