{"cameraMode":{"drawMode":0,"name":"Shaded","section":"Shading Mode"},"sceneLighting":false,"audioPlay":false,"sceneViewState":{"showFog":false,"showMaterialUpdate":false,"showSkybox":false,"showFlares":false,"showImageEffects":false,"showParticleSystems":false},"in2DMode":false,"pivot":{"x":-1.776982069015503,"y":0.40000003576278689,"z":-0.8066602945327759},"rotation":{"x":0.3345882296562195,"y":0.03391497582197189,"z":-0.012050353921949864,"w":0.9416776895523071},"size":4.119093418121338,"orthographic":true}