{"cameraMode":{"drawMode":0,"name":"Shaded","section":"Shading Mode"},"sceneLighting":false,"audioPlay":false,"sceneViewState":{"showFog":false,"showMaterialUpdate":false,"showSkybox":false,"showFlares":false,"showImageEffects":false,"showParticleSystems":false},"in2DMode":false,"pivot":{"x":-1.5769819021224976,"y":0.40000027418136599,"z":-2.7276599407196047},"rotation":{"x":-0.45694419741630556,"y":-0.3984890580177307,"z":0.24013184010982514,"w":-0.7581349611282349},"size":2.8437254428863527,"orthographic":true}