{"cameraMode":{"drawMode":0,"name":"Shaded","section":"Shading Mode"},"sceneLighting":false,"audioPlay":false,"sceneViewState":{"showFog":true,"showMaterialUpdate":false,"showSkybox":false,"showFlares":true,"showImageEffects":true,"showParticleSystems":true},"in2DMode":false,"pivot":{"x":1.4600000381469727,"y":0.6800000071525574,"z":-0.13000063598155976},"rotation":{"x":0.36947140097618105,"y":0.04457847401499748,"z":-0.01774819754064083,"w":0.9280036687850952},"size":4.581702709197998,"orthographic":true}