{"cameraMode":{"drawMode":0,"name":"Shaded","section":"Shading Mode"},"sceneLighting":false,"audioPlay":false,"sceneViewState":{"showFog":true,"showMaterialUpdate":false,"showSkybox":false,"showFlares":true,"showImageEffects":true,"showParticleSystems":true},"in2DMode":false,"pivot":{"x":0.5099999904632568,"y":0.9500000476837158,"z":-0.06999999284744263},"rotation":{"x":0.08522123098373413,"y":0.536860466003418,"z":-0.05462396517395973,"w":0.8375767469406128},"size":6.484510898590088,"orthographic":true}