{"cameraMode":{"drawMode":0,"name":"Shaded","section":"Shading Mode"},"sceneLighting":false,"audioPlay":false,"sceneViewState":{"showFog":false,"showMaterialUpdate":false,"showSkybox":false,"showFlares":false,"showImageEffects":false,"showParticleSystems":false},"in2DMode":false,"pivot":{"x":-0.13988281786441804,"y":0.0,"z":-0.46100711822509768},"rotation":{"x":0.09408648312091828,"y":0.8798309564590454,"z":-0.19582350552082063,"w":0.4227283298969269},"size":7.891350746154785,"orthographic":false}