{"cameraMode":{"drawMode":0,"name":"Shaded","section":"Shading Mode"},"sceneLighting":false,"audioPlay":false,"sceneViewState":{"showFog":false,"showMaterialUpdate":false,"showSkybox":false,"showFlares":false,"showImageEffects":false,"showParticleSystems":false},"in2DMode":false,"pivot":{"x":-1.676981806755066,"y":0.40000027418136599,"z":-0.727660059928894},"rotation":{"x":0.3292182981967926,"y":-0.31032148003578188,"z":0.11553075164556503,"w":0.8842906951904297},"size":2.84372615814209,"orthographic":true}