{"cameraMode":{"drawMode":0,"name":"Shaded","section":"Shading Mode"},"sceneLighting":false,"audioPlay":false,"sceneViewState":{"showFog":true,"showMaterialUpdate":true,"showSkybox":false,"showFlares":true,"showImageEffects":true,"showParticleSystems":true},"in2DMode":false,"pivot":{"x":-0.48785197734832766,"y":0.95025634765625,"z":2.0299999713897707},"rotation":{"x":0.3948828876018524,"y":-0.04682372510433197,"z":0.020156504586338998,"w":0.9173159003257752},"size":0.39484867453575137,"orthographic":true}