{"cameraMode":{"drawMode":0,"name":"Shaded","section":"Shading Mode"},"sceneLighting":false,"audioPlay":false,"sceneViewState":{"showFog":false,"showMaterialUpdate":false,"showSkybox":false,"showFlares":false,"showImageEffects":false,"showParticleSystems":false},"in2DMode":false,"pivot":{"x":-8.328383445739746,"y":21.69225311279297,"z":-61.1644287109375},"rotation":{"x":0.3044590950012207,"y":-0.4167217016220093,"z":0.15046337246894837,"w":0.8432173728942871},"size":1.1728520393371583,"orthographic":true}