{"cameraMode":{"drawMode":0,"name":"Shaded","section":"Shading Mode"},"sceneLighting":false,"audioPlay":false,"sceneViewState":{"showFog":false,"showMaterialUpdate":false,"showSkybox":false,"showFlares":false,"showImageEffects":false,"showParticleSystems":false},"in2DMode":false,"pivot":{"x":-2.1769819259643556,"y":0.40000003576278689,"z":-0.3066600561141968},"rotation":{"x":0.3602900207042694,"y":-0.6391474604606628,"z":0.49696850776672366,"w":0.4633733034133911},"size":4.718576431274414,"orthographic":true}