{"cameraMode":{"drawMode":0,"name":"Shaded","section":"Shading Mode"},"sceneLighting":false,"audioPlay":false,"sceneViewState":{"showFog":false,"showMaterialUpdate":false,"showSkybox":false,"showFlares":false,"showImageEffects":false,"showParticleSystems":false},"in2DMode":false,"pivot":{"x":-2.384185791015625e-7,"y":-0.9709337949752808,"z":5.579999923706055},"rotation":{"x":0.545131504535675,"y":0.2516195476055145,"z":-0.17582358419895173,"w":0.7801323533058167},"size":13.258407592773438,"orthographic":true}