{"cameraMode":{"drawMode":0,"name":"Shaded","section":"Shading Mode"},"sceneLighting":false,"audioPlay":false,"sceneViewState":{"showFog":false,"showMaterialUpdate":false,"showSkybox":false,"showFlares":false,"showImageEffects":false,"showParticleSystems":false},"in2DMode":false,"pivot":{"x":0.45742154121398928,"y":2.38260817527771,"z":-2.1135284900665285},"rotation":{"x":0.26447218656539919,"y":0.04049007594585419,"z":-0.011114311404526234,"w":0.9634809494018555},"size":11.698458671569825,"orthographic":true}