{"cameraMode":{"drawMode":0,"name":"Shaded","section":"Shading Mode"},"sceneLighting":false,"audioPlay":false,"sceneViewState":{"showFog":false,"showMaterialUpdate":false,"showSkybox":false,"showFlares":false,"showImageEffects":false,"showParticleSystems":false},"in2DMode":false,"pivot":{"x":-1.7769818305969239,"y":0.4000000059604645,"z":-0.8066600561141968},"rotation":{"x":0.07841887325048447,"y":0.10001886636018753,"z":-0.0079077472910285,"w":0.9918594360351563},"size":1.379617691040039,"orthographic":true}