{"cameraMode":{"drawMode":0,"name":"Shaded","section":"Shading Mode"},"sceneLighting":false,"audioPlay":false,"sceneViewState":{"showFog":true,"showMaterialUpdate":false,"showSkybox":false,"showFlares":true,"showImageEffects":true,"showParticleSystems":true},"in2DMode":false,"pivot":{"x":1.324187994003296,"y":0.5927333831787109,"z":-0.4720837473869324},"rotation":{"x":0.04538348689675331,"y":0.9542696475982666,"z":-0.19532641768455506,"w":0.2217211276292801},"size":4.521007061004639,"orthographic":true}