{"cameraMode":{"drawMode":0,"name":"Shaded","section":"Shading Mode"},"sceneLighting":false,"audioPlay":false,"sceneViewState":{"showFog":true,"showMaterialUpdate":true,"showSkybox":false,"showFlares":true,"showImageEffects":true,"showParticleSystems":true},"in2DMode":false,"pivot":{"x":-1.3926584720611573,"y":-1.1352522373199463,"z":-1.208030343055725},"rotation":{"x":0.14891502261161805,"y":-0.8485580086708069,"z":0.3927669823169708,"w":0.321725070476532},"size":6.162940979003906,"orthographic":true}