{"cameraMode":{"drawMode":0,"name":"Shaded","section":"Shading Mode"},"sceneLighting":false,"audioPlay":false,"sceneViewState":{"showFog":true,"showMaterialUpdate":true,"showSkybox":false,"showFlares":true,"showImageEffects":true,"showParticleSystems":true},"in2DMode":false,"pivot":{"x":-0.06605479121208191,"y":-0.105430006980896,"z":1.010568618774414},"rotation":{"x":0.23057296872138978,"y":0.22667497396469117,"z":-0.05532659590244293,"w":0.9446661472320557},"size":5.129660606384277,"orthographic":true}