{"cameraMode":{"drawMode":0,"name":"Shaded","section":"Shading Mode"},"sceneLighting":false,"audioPlay":false,"sceneViewState":{"showFog":true,"showMaterialUpdate":true,"showSkybox":false,"showFlares":true,"showImageEffects":true,"showParticleSystems":true},"in2DMode":false,"pivot":{"x":-0.22816181182861329,"y":-2.0781216621398927,"z":4.782787322998047},"rotation":{"x":0.2404305785894394,"y":0.4230029284954071,"z":-0.11747846752405167,"w":0.8657141327857971},"size":105.39373779296875,"orthographic":true}