{"cameraMode":{"drawMode":0,"name":"Shaded","section":"Shading Mode"},"sceneLighting":true,"audioPlay":false,"sceneViewState":{"showFog":true,"showMaterialUpdate":true,"showSkybox":true,"showFlares":true,"showImageEffects":true,"showParticleSystems":true},"in2DMode":false,"pivot":{"x":-0.6542778015136719,"y":12.277875900268555,"z":-14.177919387817383},"rotation":{"x":0.35407203435897829,"y":0.3891667425632477,"z":-0.16517876088619233,"w":0.8342053294181824},"size":18.289432525634767,"orthographic":true}