{"cameraMode":{"drawMode":0,"name":"Shaded","section":"Shading Mode"},"sceneLighting":false,"audioPlay":false,"sceneViewState":{"showFog":true,"showMaterialUpdate":true,"showSkybox":false,"showFlares":true,"showImageEffects":true,"showParticleSystems":true},"in2DMode":false,"pivot":{"x":-0.4800001382827759,"y":0.04999995231628418,"z":4.020000457763672},"rotation":{"x":0.5428224205970764,"y":0.015115439891815186,"z":-0.009771781973540783,"w":0.8396552205085754},"size":5.973955154418945,"orthographic":true}