{"cameraMode":{"drawMode":0,"name":"Shaded","section":"Shading Mode"},"sceneLighting":false,"audioPlay":false,"sceneViewState":{"showFog":false,"showMaterialUpdate":false,"showSkybox":false,"showFlares":false,"showImageEffects":false,"showParticleSystems":false},"in2DMode":false,"pivot":{"x":-1.754276990890503,"y":-0.0830078125,"z":2.025751829147339},"rotation":{"x":0.2595253586769104,"y":0.4465199112892151,"z":-0.13709720969200135,"w":0.8452637195587158},"size":6.641862869262695,"orthographic":true}