{"cameraMode":{"drawMode":0,"name":"Shaded","section":"Shading Mode"},"sceneLighting":true,"audioPlay":false,"sceneViewState":{"showFog":true,"showMaterialUpdate":true,"showSkybox":true,"showFlares":true,"showImageEffects":true,"showParticleSystems":true},"in2DMode":false,"pivot":{"x":-0.6820045113563538,"y":0.049999963492155078,"z":2.1793177127838136},"rotation":{"x":0.2404305785894394,"y":0.4230029284954071,"z":-0.11747846752405167,"w":0.8657141327857971},"size":9.730168342590332,"orthographic":true}