{"cameraMode":{"drawMode":0,"name":"Shaded","section":"Shading Mode"},"sceneLighting":false,"audioPlay":false,"sceneViewState":{"showFog":true,"showMaterialUpdate":true,"showSkybox":false,"showFlares":true,"showImageEffects":true,"showParticleSystems":true},"in2DMode":false,"pivot":{"x":-0.48785191774368288,"y":0.9500000476837158,"z":2.0299999713897707},"rotation":{"x":0.2016260176897049,"y":-0.0953269749879837,"z":0.01972099579870701,"w":0.9746137261390686},"size":5.762295722961426,"orthographic":true}