{"cameraMode":{"drawMode":0,"name":"Shaded","section":"Shading Mode"},"sceneLighting":false,"audioPlay":false,"sceneViewState":{"showFog":false,"showMaterialUpdate":false,"showSkybox":false,"showFlares":false,"showImageEffects":false,"showParticleSystems":false},"in2DMode":false,"pivot":{"x":-3.164976119995117,"y":1.0299999713897706,"z":-2.7070367336273195},"rotation":{"x":0.17169828712940217,"y":0.4620574116706848,"z":-0.0916920155286789,"w":0.8652262091636658},"size":6.249754428863525,"orthographic":true}